{"cameraMode":{"drawMode":0,"name":"Shaded","section":"Shading Mode"},"sceneLighting":false,"audioPlay":false,"sceneViewState":{"showFog":false,"showMaterialUpdate":false,"showSkybox":false,"showFlares":false,"showImageEffects":false,"showParticleSystems":false},"in2DMode":false,"pivot":{"x":0.0708712637424469,"y":1.959398627281189,"z":1.3270955085754395},"rotation":{"x":0.3718186616897583,"y":-0.2455543577671051,"z":0.10266324877738953,"w":0.8893345594406128},"size":36.196372985839847,"orthographic":false}