{"cameraMode":{"drawMode":0,"name":"Shaded","section":"Shading Mode"},"sceneLighting":false,"audioPlay":false,"sceneViewState":{"showFog":false,"showMaterialUpdate":false,"showSkybox":false,"showFlares":false,"showImageEffects":false,"showParticleSystems":false},"in2DMode":false,"pivot":{"x":0.8486922383308411,"y":3.8491573333740236,"z":-0.6266717910766602},"rotation":{"x":-0.13093151152133943,"y":0.31024450063705447,"z":-0.043184295296669009,"w":-0.9406101107597351},"size":2.2360680103302,"orthographic":false}