{"cameraMode":{"drawMode":0,"name":"Shaded","section":"Shading Mode"},"sceneLighting":false,"audioPlay":false,"sceneViewState":{"showFog":false,"showMaterialUpdate":false,"showSkybox":false,"showFlares":false,"showImageEffects":false,"showParticleSystems":false},"in2DMode":false,"pivot":{"x":1.8450361490249634,"y":1.292992353439331,"z":-1.8137742280960084},"rotation":{"x":0.08220234513282776,"y":-0.4409114718437195,"z":0.04059934988617897,"w":0.8928672671318054},"size":6.184535980224609,"orthographic":false}