{"cameraMode":{"drawMode":0,"name":"Shaded","section":"Shading Mode"},"sceneLighting":false,"audioPlay":false,"sceneViewState":{"showFog":false,"showMaterialUpdate":false,"showSkybox":false,"showFlares":false,"showImageEffects":false,"showParticleSystems":false},"in2DMode":false,"pivot":{"x":0.0708712637424469,"y":1.959398627281189,"z":1.3270955085754395},"rotation":{"x":0.037208255380392078,"y":-0.12260515242815018,"z":0.0046018329448997978,"w":0.9917510151863098},"size":5.9196882247924809,"orthographic":false}